DonorID,UserID,FullName,CNIC,Bloodtype,DateOfBirth,ContactNo,LastDonationDate
1,82,Ellyn Dalley,error: Illegal quoting in line 1.,AB-,23/1/2000,392-358-6430,12/6/2022
2,19,Rance Norridge,error: Illegal quoting in line 1.,O+,20/6/1982,572-831-7894,4/7/2022
3,65,Clemmy Acum,error: Illegal quoting in line 1.,A+,29/1/1977,726-740-1636,27/9/2023
4,80,Georges Danzey,error: Illegal quoting in line 1.,A+,3/11/1976,926-149-5453,8/9/2022
5,43,Marena Dodgson,error: Illegal quoting in line 1.,O-,23/2/1981,369-379-0187,25/11/2025
6,38,Georges Luckie,error: Illegal quoting in line 1.,AB-,27/10/1972,707-194-3413,8/10/2022
7,63,Ivan Cotmore,error: Illegal quoting in line 1.,O+,8/3/1985,163-183-8517,26/1/2022
8,63,Lynnett Hatherleigh,error: Illegal quoting in line 1.,B-,4/3/1984,325-385-1123,14/10/2023
9,97,Gwendolin Hardwell,error: Illegal quoting in line 1.,B-,17/9/1998,152-404-4253,11/5/2024
10,9,Anton Polly,error: Illegal quoting in line 1.,O-,26/6/1990,245-804-4685,6/4/2022
11,69,Judith Cuddon,error: Illegal quoting in line 1.,O+,3/7/1979,911-766-4441,27/1/2023
12,91,Melvin Siegertsz,error: Illegal quoting in line 1.,B+,17/5/1975,165-202-0208,3/10/2024
13,28,Gunther Gilhespy,error: Illegal quoting in line 1.,A+,27/11/1990,571-270-4124,29/10/2024
14,67,Jo Radeliffe,error: Illegal quoting in line 1.,A-,12/10/1992,681-236-9334,19/10/2025
15,16,Thorvald Jarley,error: Illegal quoting in line 1.,A-,26/4/1982,130-762-4280,21/4/2024
16,54,Arch Ikin,error: Illegal quoting in line 1.,A+,19/7/1989,432-664-2781,8/5/2024
17,8,Priscella Jacobsz,error: Illegal quoting in line 1.,A+,9/9/1982,798-666-4722,31/5/2022
18,9,Maurice O'Brian,error: Illegal quoting in line 1.,A+,11/2/1988,171-947-8335,16/12/2025
19,3,Sukey Gilbey,error: Illegal quoting in line 1.,O+,19/6/1980,971-911-4883,12/10/2024
20,15,Elvis Filisov,error: Illegal quoting in line 1.,O-,29/2/2000,405-746-2710,13/5/2022
21,42,Ali Planke,error: Illegal quoting in line 1.,B+,15/4/1983,886-271-2992,22/7/2022
22,90,Cherye Lincoln,error: Illegal quoting in line 1.,A+,22/3/1971,119-210-6371,7/10/2024
23,45,Lucretia Sydenham,error: Illegal quoting in line 1.,A+,19/4/1973,554-716-4870,16/5/2022
24,93,Blake Kingscote,error: Illegal quoting in line 1.,O+,6/1/2003,174-950-3716,31/10/2023
25,57,Denny Klimentyonok,error: Illegal quoting in line 1.,O+,3/7/1980,740-257-0923,16/10/2022
26,76,Cordula Gonnard,error: Illegal quoting in line 1.,B-,15/8/1983,877-301-2557,17/4/2025
27,90,Art Gabbitis,error: Illegal quoting in line 1.,A-,9/9/1980,730-399-5376,11/10/2025
28,43,Merissa Danielot,error: Illegal quoting in line 1.,B-,4/8/1972,228-369-8088,13/10/2023
29,9,Ladonna Alliband,error: Illegal quoting in line 1.,O+,8/2/1974,449-174-0957,17/3/2025
30,39,Ethan Marriage,error: Illegal quoting in line 1.,O-,14/11/1992,125-503-1428,9/2/2024
31,18,Reinwald Athey,error: Illegal quoting in line 1.,A-,26/1/1985,586-748-4953,16/4/2024
32,65,Natividad McKechnie,error: Illegal quoting in line 1.,A+,18/12/1998,823-735-8651,16/6/2025
33,77,Perri Chang,error: Illegal quoting in line 1.,A+,23/8/1970,503-364-5812,12/7/2023
34,87,Con Briat,error: Illegal quoting in line 1.,A+,21/7/1990,124-169-5631,1/5/2023
35,72,Neddie Thurbon,error: Illegal quoting in line 1.,AB-,30/10/1997,702-949-8699,8/9/2022
36,82,Ellis Rosenberg,error: Illegal quoting in line 1.,A-,19/1/1980,209-634-3218,20/9/2023
37,53,Mada Ipsly,error: Illegal quoting in line 1.,O+,8/10/1986,964-126-3161,25/1/2025
38,34,Angeli Whall,error: Illegal quoting in line 1.,A+,30/12/1996,531-835-8419,28/5/2022
39,57,Piper Grigorian,error: Illegal quoting in line 1.,O-,31/3/1970,367-414-9116,20/1/2025
40,83,Daron Eacott,error: Illegal quoting in line 1.,O+,28/5/1988,616-595-1657,20/6/2025
41,30,Laughton Lackinton,error: Illegal quoting in line 1.,A+,21/11/1990,919-344-4498,16/3/2022
42,50,Leslie O'Keevan,error: Illegal quoting in line 1.,O+,14/7/1994,149-486-5700,29/10/2022
43,47,Yehudi Dooland,error: Illegal quoting in line 1.,O-,1/1/1987,540-952-3491,18/3/2022
44,82,Stefan Ricciardo,error: Illegal quoting in line 1.,A-,22/7/2002,862-870-5160,4/4/2022
45,39,Rafaela Docwra,error: Illegal quoting in line 1.,B-,2/6/1996,291-869-1374,2/12/2023
46,25,Vivianna Klaus,error: Illegal quoting in line 1.,O-,29/2/1984,772-644-7671,25/12/2024
47,16,Quintilla Vaskin,error: Illegal quoting in line 1.,O+,23/6/1980,855-216-3420,9/5/2025
48,45,Gracie Redier,error: Illegal quoting in line 1.,A-,25/5/1978,190-649-0033,18/2/2022
49,51,Quincy Shellshear,error: Illegal quoting in line 1.,AB+,31/7/1987,175-676-3426,19/11/2025
50,32,Ewart Waind,error: Illegal quoting in line 1.,A-,22/2/1978,424-576-6632,31/10/2025
51,94,Keir Sears,error: Illegal quoting in line 1.,O-,18/7/1992,917-963-9242,17/1/2024
52,64,Rutter Gilhouley,error: Illegal quoting in line 1.,O-,30/7/1981,421-220-3502,15/10/2024
53,9,Bruce Gaynsford,error: Illegal quoting in line 1.,B+,8/5/1991,869-470-9849,24/10/2023
54,18,Cassie Dowley,error: Illegal quoting in line 1.,B+,8/3/1974,641-936-1738,23/8/2022
55,23,Juliette Butten,error: Illegal quoting in line 1.,AB-,18/8/1986,222-693-2949,4/7/2023
56,39,Devi Budden,error: Illegal quoting in line 1.,B-,11/2/2003,238-935-1455,22/1/2025
57,18,Avivah Ales0,error: Illegal quoting in line 1.,A-,3/4/1973,400-304-0847,21/8/2025
58,5,Erna McCready,error: Illegal quoting in line 1.,B+,10/5/2002,601-791-0094,29/1/2024
59,87,Andie Van Der Weedenburg,error: Illegal quoting in line 1.,O+,17/3/2000,802-727-7723,16/7/2023
60,85,Fae Gillani,error: Illegal quoting in line 1.,B+,29/8/1980,547-637-0669,23/9/2022
61,94,Fremont Shuker,error: Illegal quoting in line 1.,AB-,4/7/1975,621-632-9654,20/8/2022
62,47,Julieta Ecclesall,error: Illegal quoting in line 1.,AB-,10/9/1978,464-519-2382,14/4/2022
63,78,Gaby Gostridge,error: Illegal quoting in line 1.,O+,11/8/2000,771-573-0915,30/5/2023
64,29,Davin Arnison,error: Illegal quoting in line 1.,A+,13/11/1991,445-200-2919,26/11/2022
65,22,Cori Sandey,error: Illegal quoting in line 1.,O+,25/12/1981,659-663-0361,11/7/2023
66,82,Immanuel MacGorrie,error: Illegal quoting in line 1.,O-,14/1/1974,100-375-1448,21/4/2022
67,12,Frannie Malinson,error: Illegal quoting in line 1.,AB+,28/10/1982,900-869-2380,15/7/2024
68,91,Geoffrey Youle,error: Illegal quoting in line 1.,A-,20/6/1985,101-778-1261,22/3/2024
69,87,Mildrid Foyle,error: Illegal quoting in line 1.,A+,23/4/1972,633-128-9838,5/8/2024
70,20,Cookie Chiommienti,error: Illegal quoting in line 1.,O-,11/2/2001,749-841-0192,19/3/2022
71,21,Heddi Hoodless,error: Illegal quoting in line 1.,O-,13/6/1998,990-155-4423,20/1/2024
72,69,Daveen Menichino,error: Illegal quoting in line 1.,O-,14/5/1998,585-686-3900,18/2/2024
73,89,Albert Bathow,error: Illegal quoting in line 1.,B+,15/4/1978,479-482-2147,3/11/2022
74,12,Charity Orro,error: Illegal quoting in line 1.,A+,22/2/2000,185-952-7248,23/5/2023
75,90,Ardella Jeskin,error: Illegal quoting in line 1.,B-,13/3/1989,984-736-5879,1/6/2022
76,52,Giulio Byneth,error: Illegal quoting in line 1.,A-,15/10/1980,882-985-3273,9/7/2024
77,20,Valry Sissons,error: Illegal quoting in line 1.,A+,14/5/2000,893-928-9987,27/1/2023
78,79,Margarette Duffit,error: Illegal quoting in line 1.,A+,24/5/1976,468-406-4111,28/12/2025
79,96,Joane Middler,error: Illegal quoting in line 1.,B-,6/2/1970,247-936-4371,20/5/2023
80,26,Fidelity Riggulsford,error: Illegal quoting in line 1.,A+,10/1/1987,742-112-9765,9/1/2025
81,62,Celinda Pilger,error: Illegal quoting in line 1.,A+,18/3/1984,207-702-7581,18/12/2025
82,45,Andris Ferbrache,error: Illegal quoting in line 1.,AB+,20/4/1999,984-953-1002,4/5/2023
83,78,Anthia Mordin,error: Illegal quoting in line 1.,O-,25/1/1993,493-882-4111,17/11/2025
84,7,Porty Bunson,error: Illegal quoting in line 1.,B+,26/3/1998,888-716-6398,18/8/2024
85,85,Angele Axel,error: Illegal quoting in line 1.,O+,21/4/1976,919-619-4428,26/9/2023
86,49,Clair Eble,error: Illegal quoting in line 1.,AB+,6/7/1996,899-150-3757,17/6/2022
87,50,Cassondra Judge,error: Illegal quoting in line 1.,B-,6/3/1972,137-775-7912,28/12/2022
88,32,Crystal Flasby,error: Illegal quoting in line 1.,AB+,4/4/2002,806-121-4038,24/4/2024
89,95,Winnah Comini,error: Illegal quoting in line 1.,B+,12/1/1980,493-288-1289,21/5/2023
90,33,Dall Brunke,error: Illegal quoting in line 1.,AB+,17/6/1992,470-909-0142,14/4/2025
91,48,Berthe Ourry,error: Illegal quoting in line 1.,AB-,13/5/1971,721-133-3370,20/11/2023
92,92,Lorry Full,error: Illegal quoting in line 1.,O-,9/5/1979,796-424-7884,18/2/2023
93,47,Melinda Sweett,error: Illegal quoting in line 1.,AB+,13/2/1990,233-224-6556,6/2/2022
94,5,Anabella O'Regan,error: Illegal quoting in line 1.,AB-,3/4/1983,111-709-7980,14/1/2022
95,87,Buddie Lawden,error: Illegal quoting in line 1.,AB-,31/3/1973,869-822-8289,15/9/2024
96,71,Andre Dolton,error: Illegal quoting in line 1.,O-,27/8/1981,825-325-5802,15/11/2025
97,83,Burty Finby,error: Illegal quoting in line 1.,B+,1/8/2000,559-826-3020,17/6/2022
98,83,Alex McKane,error: Illegal quoting in line 1.,AB+,20/5/1994,643-650-7679,24/11/2024
99,81,Merla Cereceres,error: Illegal quoting in line 1.,B-,30/1/1980,343-885-9083,27/7/2022
100,44,Doe Linn,error: Illegal quoting in line 1.,AB+,9/6/2002,850-409-5281,2/7/2025
